{
  "obs_dim": 96,
  "num_observations": 115766,
  "mean": [
    0.31376224452775425,
    0.17087054921134012,
    0.282250401672339,
    0.2331168045885666,
    0.2374099476530242,
    0.05514572499697666,
    0.16426239137570617,
    0.051215382754867575,
    -0.5254133337940328,
    0.15170257243059274,
    0.03691066461655408,
    0.03829276298740563,
    -0.4153291985557072,
    0.6511842855415234,
    0.0,
    0.0,
    0.12028574883817356,
    0.02701138503532989,
    0.19299276125978265,
    1.3838519081595633,
    0.0,
    0.0,
    0.9174023461119846,
    0.27889881312302406,
    0.36572050515695453,
    0.20068932156246222,
    0.09802532695264586,
    1.2098975519582607,
    0.18686833785394674,
    2.4628129157092755,
    0.4853756716134271,
    -0.8673703850871586,
    0.3826080196257969,
    0.19415890676018865,
    0.11359984796917921,
    0.04578200853445744,
    0.03776583798351848,
    0.3731665601299172,
    0.0390615552061918,
    0.6274640222517838,
    0.5518546032513865,
    -0.18484701898657638,
    0.6192405369452171,
    0.37251006340376275,
    0.41317830796606947,
    0.3046403952801341,
    0.42948706874211773,
    0.12332636525404696,
    0.22201682704766512,
    0.2251697389561702,
    0.19915173712488987,
    0.0585923328092877,
    0.10609332619249175,
    0.0035589033049427295,
    -0.3381821951177375,
    -0.23747041445674896,
    -0.09384447938081993,
    0.23438660746678644,
    -0.1957742342311214,
    0.6581466060846881,
    0.0,
    0.0,
    0.16675880655805678,
    0.006841386935715149,
    1.0796261423906846,
    1.4220323756543372,
    0.0,
    0.0,
    0.9913618851821778,
    0.33324119344194325,
    0.37500647858611336,
    0.20265017362610785,
    0.09408634659571895,
    1.2789247274674775,
    0.1719589516783857,
    2.518995214484391,
    0.2934281222466009,
    -1.0860442617003265,
    0.4374600487189676,
    0.21993504137656997,
    0.12316224107250834,
    0.05246790940345179,
    0.046887687231138675,
    0.4088506124423406,
    0.053409463918594406,
    0.6187136119413299,
    0.41976918957206777,
    -0.2799353869011627,
    0.5958053314444656,
    0.452447177927889,
    0.24222137760655116,
    0.45539277508076637,
    0.32842112537359847,
    0.1491197761000639,
    2.675440111949968,
    1.6883713698322478
  ],
  "std": [
    0.46402101077069774,
    0.37639580845641085,
    0.4500945594296184,
    0.4228159883530691,
    0.4254955515730012,
    0.2282644825888042,
    0.3705135060362044,
    0.22043676491034792,
    1.7225659152889916,
    1.2753918584133561,
    0.9509382076047281,
    0.9009822328029878,
    1.6798035701365759,
    1.7346857265894313,
    0.0001,
    0.0001,
    0.5594274580282851,
    0.24734541430518692,
    2.294442387260621,
    1.4628282169072455,
    0.0001,
    0.0001,
    0.2752731034086168,
    0.4484576514695591,
    0.48163161987632885,
    0.40051606431360637,
    0.29734888973808654,
    1.2355716690467557,
    0.5940004716874576,
    6.2688138541130645,
    1.5682965629163494,
    1.3127848835778433,
    0.4860237884546627,
    0.3955517989920878,
    0.3173246326879755,
    0.20901200020335747,
    0.19062942969258737,
    0.8856360601014311,
    0.28372827355572594,
    3.5824039649989556,
    1.772416328390158,
    1.1434347844421164,
    0.4855735725397505,
    0.4834731802971985,
    0.4924042991205147,
    0.4602549563488673,
    0.4950029560774573,
    0.3288114549210115,
    0.4156024008055684,
    0.4176940598267832,
    0.39936239523148476,
    0.2348601101618863,
    0.3079570300056573,
    0.05955029397248008,
    1.6870658465653237,
    1.398182782955887,
    1.024746386550004,
    0.931207346719008,
    1.6333994678690513,
    1.6027650250900034,
    0.0001,
    0.0001,
    0.6832159545556412,
    0.1231809795942477,
    1.985804723951357,
    1.4111677437390924,
    0.0001,
    0.0001,
    0.09253916895140271,
    0.471371934288978,
    0.4841245909934304,
    0.4019739801969976,
    0.2919488071220521,
    1.2415028142778326,
    0.5826162938334418,
    6.397637828927388,
    1.862532787856948,
    1.4242195655685674,
    0.4960733358020426,
    0.4142023888768104,
    0.32862334586347586,
    0.22296867018996855,
    0.2113982781794913,
    0.9097240466268356,
    0.3120227542431533,
    3.2209948718696255,
    1.891157307612707,
    1.1599493777430876,
    0.490735507648281,
    0.4977335925100677,
    0.42842756895061707,
    0.49800622032762293,
    2.377022885260057,
    1.1919166721839503,
    1.7722947135812532,
    0.8735097261791617
  ],
  "epsilon": 1e-06,
  "action_counts": {
    "0": 10627,
    "1": 8619,
    "2": 12888,
    "3": 14216,
    "4": 54130,
    "5": 15286
  }
}