{
  "mean": [
    0.31464383006095886,
    0.1749739795923233,
    0.2807551920413971,
    0.22962699830532074,
    0.2413356751203537,
    0.061271362006664276,
    0.1616622805595398,
    0.056537266820669174,
    -0.48636487126350403,
    0.1365668922662735,
    0.019751952961087227,
    0.03724466264247894,
    -0.31826233863830566,
    0.6413244009017944,
    0.0,
    0.0,
    0.1283080130815506,
    0.034319836646318436,
    0.2914045751094818,
    1.359500527381897,
    0.0,
    0.0,
    0.9217234253883362,
    0.2828925848007202,
    0.3623691201210022,
    0.20237548649311066,
    0.09775669872760773,
    1.1618685722351074,
    0.2274896204471588,
    2.4699220657348633,
    0.4211937487125397,
    -0.9262606501579285,
    0.3917767405509949,
    0.19160424172878265,
    0.12359265983104706,
    0.048278383910655975,
    0.04318806156516075,
    0.3909236490726471,
    0.04420050233602524,
    0.654336154460907,
    0.4764092266559601,
    -0.2223992943763733,
    0.6187976598739624,
    0.38077113032341003,
    0.4018167555332184,
    0.30040404200553894,
    0.4469078481197357,
    0.12150216102600098,
    0.20538468658924103,
    0.22620531916618347,
    0.18162046372890472,
    0.0565466433763504,
    0.09515997767448425,
    0.0043966141529381275,
    -0.3550945520401001,
    -0.2441292554140091,
    -0.10770297795534134,
    0.20752204954624176,
    -0.06800220906734467,
    0.6223130226135254,
    0.0,
    0.0,
    0.16000300645828247,
    0.007105828262865543,
    1.1235644817352295,
    1.382017970085144,
    0.0,
    0.0,
    0.9953127503395081,
    0.3427109122276306,
    0.37537145614624023,
    0.1987663209438324,
    0.09979095309972763,
    1.2282770872116089,
    0.2082063853740692,
    2.438095808029175,
    0.21171243488788605,
    -1.1619622707366943,
    0.4372427761554718,
    0.21144995093345642,
    0.12485820800065994,
    0.05487799271941185,
    0.04527856037020683,
    0.4115755558013916,
    0.06122449040412903,
    0.6381277441978455,
    0.37204352021217346,
    -0.33919548988342285,
    0.5810748934745789,
    0.466819167137146,
    0.24659472703933716,
    0.44335493445396423,
    0.32070907950401306,
    0.18112361431121826,
    2.7081830501556396,
    1.71466064453125
  ],
  "std": [
    0.46433696150779724,
    0.3798069655895233,
    0.44932225346565247,
    0.4206297993659973,
    0.4280485510826111,
    0.2398979812860489,
    0.3683546781539917,
    0.2310360074043274,
    1.7721433639526367,
    1.2702511548995972,
    1.0252097845077515,
    0.9236790537834167,
    1.8128371238708496,
    1.7521320581436157,
    9.99999993922529e-09,
    9.99999993922529e-09,
    0.5764191746711731,
    0.2879071831703186,
    2.3300249576568604,
    1.492483139038086,
    9.99999993922529e-09,
    9.99999993922529e-09,
    0.26873937249183655,
    0.45043879747390747,
    0.48041832447052,
    0.40178045630455017,
    0.2971474230289459,
    1.223888874053955,
    0.6578032970428467,
    6.244708061218262,
    1.5485353469848633,
    1.3023663759231567,
    0.488241046667099,
    0.39373478293418884,
    0.3292773365974426,
    0.21449986100196838,
    0.20339469611644745,
    0.9042963981628418,
    0.29352033138275146,
    3.6322309970855713,
    1.7624444961547852,
    1.1584564447402954,
    0.48553410172462463,
    0.48534613847732544,
    0.49025657773017883,
    0.45831310749053955,
    0.4972591698169708,
    0.32658228278160095,
    0.4039402902126312,
    0.4182116389274597,
    0.38572177290916443,
    0.2310851812362671,
    0.29352104663848877,
    0.06617818772792816,
    1.7675784826278687,
    1.3874307870864868,
    1.2237666845321655,
    0.971625804901123,
    1.8257960081100464,
    1.6242252588272095,
    9.99999993922529e-09,
    9.99999993922529e-09,
    0.6703828573226929,
    0.1252395510673523,
    2.0128049850463867,
    1.444166660308838,
    9.99999993922529e-09,
    9.99999993922529e-09,
    0.0683228075504303,
    0.4744395613670349,
    0.48423537611961365,
    0.39882194995880127,
    0.2995985746383667,
    1.237835168838501,
    0.6445859670639038,
    6.253910541534424,
    1.8567875623703003,
    1.4269403219223022,
    0.4960773289203644,
    0.40850353240966797,
    0.3306041359901428,
    0.22763998806476593,
    0.20779363811016083,
    0.9078272581100464,
    0.32675060629844666,
    3.2284648418426514,
    1.8433728218078613,
    1.2053714990615845,
    0.493572473526001,
    0.4991686940193176,
    0.4309403896331787,
    0.49698829650878906,
    2.428187131881714,
    1.2535921335220337,
    1.7559664249420166,
    0.902356743812561
  ]
}