{
  "mean_soups": 0.7037037037037037,
  "zero_soup_rate": 0.7777777777777778,
  "n_eps": 54
}