{
  "mean": [
    0.31408554315567017,
    0.1738751232624054,
    0.28119319677352905,
    0.2308461219072342,
    0.2436668574810028,
    0.059624191373586655,
    0.16263538599014282,
    0.054826632142066956,
    -0.5141473412513733,
    0.13443155586719513,
    0.0407610684633255,
    0.024314893409609795,
    -0.3455422818660736,
    0.6278712749481201,
    0.0,
    0.0,
    0.12878897786140442,
    0.028221996501088142,
    0.26252999901771545,
    1.357581615447998,
    0.0,
    0.0,
    0.9173148274421692,
    0.27872174978256226,
    0.36745837330818176,
    0.2049683779478073,
    0.10031256824731827,
    1.1827069520950317,
    0.2064494490623474,
    2.5509376525878906,
    0.4416751563549042,
    -0.9058842658996582,
    0.39790651202201843,
    0.1948644369840622,
    0.12499091029167175,
    0.0488751195371151,
    0.044213853776454926,
    0.3968343436717987,
    0.041397105902433395,
    0.6504870057106018,
    0.48836955428123474,
    -0.22178709506988525,
    0.617958128452301,
    0.3757723271846771,
    0.401159405708313,
    0.3055626153945923,
    0.444410115480423,
    0.12336447089910507,
    0.20649488270282745,
    0.2257305383682251,
    0.1889038234949112,
    0.053563639521598816,
    0.10068510472774506,
    0.00371628999710083,
    -0.4222032427787781,
    -0.2507632374763489,
    -0.10640037804841995,
    0.22890165448188782,
    -0.10045795142650604,
    0.639238178730011,
    0.0,
    0.0,
    0.15107762813568115,
    0.006960093043744564,
    1.1249363422393799,
    1.407474398612976,
    0.0,
    0.0,
    0.99318528175354,
    0.3421803414821625,
    0.3767445683479309,
    0.20003452897071838,
    0.10098495334386826,
    1.2429308891296387,
    0.19046667218208313,
    2.485888957977295,
    0.22344079613685608,
    -1.1307334899902344,
    0.4442465603351593,
    0.21485425531864166,
    0.12862542271614075,
    0.0560532808303833,
    0.04725775867700577,
    0.4218125343322754,
    0.055190086364746094,
    0.6496329307556152,
    0.3983517587184906,
    -0.31796538829803467,
    0.5842480063438416,
    0.45302391052246094,
    0.2540343105792999,
    0.4404394030570984,
    0.3436250686645508,
    0.1642073094844818,
    2.7111105918884277,
    1.7148361206054688
  ],
  "std": [
    0.46442481875419617,
    0.37906283140182495,
    0.44943857192993164,
    0.4214744567871094,
    0.42931488156318665,
    0.23675645887851715,
    0.3689519762992859,
    0.22755210101604462,
    1.7633345127105713,
    1.284560203552246,
    0.9811856746673584,
    0.914802074432373,
    1.7945892810821533,
    1.758428931236267,
    9.99999993922529e-09,
    9.99999993922529e-09,
    0.5788243412971497,
    0.2575840651988983,
    2.3878726959228516,
    1.484076738357544,
    9.99999993922529e-09,
    9.99999993922529e-09,
    0.2753957509994507,
    0.4485486149787903,
    0.4820820689201355,
    0.403719961643219,
    0.30046316981315613,
    1.2291572093963623,
    0.6227810978889465,
    6.415528297424316,
    1.5450655221939087,
    1.303039789199829,
    0.48946982622146606,
    0.396213561296463,
    0.3307088017463684,
    0.21569617092609406,
    0.20556960999965668,
    0.9100813865661621,
    0.2829206883907318,
    3.6048333644866943,
    1.7411928176879883,
    1.162032127380371,
    0.48605409264564514,
    0.48437389731407166,
    0.4900779128074646,
    0.46085473895072937,
    0.49675673246383667,
    0.32899725437164307,
    0.4049436151981354,
    0.41796305775642395,
    0.3916284143924713,
    0.22525735199451447,
    0.30091458559036255,
    0.06078500673174858,
    1.7531160116195679,
    1.383742332458496,
    1.2115827798843384,
    0.9716288447380066,
    1.7956147193908691,
    1.6020084619522095,
    9.99999993922529e-09,
    9.99999993922529e-09,
    0.6521984934806824,
    0.12525296211242676,
    2.0138659477233887,
    1.4246176481246948,
    9.99999993922529e-09,
    9.99999993922529e-09,
    0.08231029659509659,
    0.4745805561542511,
    0.4847356677055359,
    0.39995890855789185,
    0.30127236247062683,
    1.2416815757751465,
    0.6118243932723999,
    6.3588995933532715,
    1.88545560836792,
    1.429701328277588,
    0.4967705309391022,
    0.41070130467414856,
    0.3348809778690338,
    0.22992679476737976,
    0.21225661039352417,
    0.9179790616035461,
    0.3078811764717102,
    3.249861001968384,
    1.8753432035446167,
    1.2110666036605835,
    0.49274078011512756,
    0.4976103901863098,
    0.43529534339904785,
    0.49628323316574097,
    2.4402902126312256,
    1.247950553894043,
    1.7741402387619019,
    0.9029127955436707
  ]
}