{
  "steps": 2000,
  "latency_mean_ms": 5.607576999962475,
  "latency_p95_ms": 6.365640004514717,
  "latency_max_ms": 10.97489999665413
}